﻿<?xml version="1.0"?>
<doc>
<assembly>
<name>
Easy Butler Easy Wizard
</name>
</assembly>
<members>
<member name="T:Easy_Butler_EasyWizard.My.Resources.Resources">
<summary>
  A strongly-typed resource class, for looking up localized strings, etc.
</summary>
</member>
<member name="P:Easy_Butler_EasyWizard.My.Resources.Resources.ResourceManager">
<summary>
  Returns the cached ResourceManager instance used by this class.
</summary>
</member>
<member name="P:Easy_Butler_EasyWizard.My.Resources.Resources.Culture">
<summary>
  Overrides the current thread's CurrentUICulture property for all
  resource lookups using this strongly typed resource class.
</summary>
</member>
<member name="P:Easy_Butler_EasyWizard.My.Resources.Resources.WizModernImage">
<summary>
  Looks up a localized resource of type System.Drawing.Bitmap.
</summary>
</member>
<member name="P:Easy_Butler_EasyWizard.My.Resources.Resources.WizModernImage_IS">
<summary>
  Looks up a localized resource of type System.Drawing.Bitmap.
</summary>
</member>
<member name="P:Easy_Butler_EasyWizard.My.Resources.Resources.WizModernSmallImage">
<summary>
  Looks up a localized resource of type System.Drawing.Bitmap.
</summary>
</member>
<member name="P:Easy_Butler_EasyWizard.My.Resources.Resources.WizModernSmallImage_IS">
<summary>
  Looks up a localized resource of type System.Drawing.Bitmap.
</summary>
</member>
</members>
</doc>
